<?xml version="1.0" encoding="UTF-8"?>
<beans xmlns="http://www.springframework.org/schema/beans"
	xmlns:xsi="http://www.w3.org/2001/XMLSchema-instance" xmlns:context="http://www.springframework.org/schema/context"
	xmlns:p="http://www.springframework.org/schema/p"
	xsi:schemaLocation="
http://www.springframework.org/schema/beans
 http://www.springframework.org/schema/beans/spring-beans.xsd
 http://www.springframework.org/schema/context
 http://www.springframework.org/schema/spring-context.xsd">
 
 <bean class="org.springframework.web.servlet.view. InternalResourceViewResolver" name="viewREsolver">
 <property name="prefix">
 <value> /WEB-INF/view</value>
 </property>
  <property name="suffix">
 <value> .jsp</value>
 </property>
 </bean>
 </beans>